"","fullbayes","ife","tfe","cmgp","bgsc"
"RMSE",0.02011,0.08094,0.081,0.02336,0.03798
"COVERAGE",1,0.8,0.85,1,1
"LL",2.35639,0.89813,0.9273,2.20903,1.79466
